Date,Chat Name,Creator,Exchanges,Symbol,Status,Leverage,Direction,Last Target,Duration,Signal Gained Profit %,Entry Targets % Filled,Number of Filled Entry Targets,Filled Average Entry Price,Number of Entry Targets,Entry Zone Range,Average Entry Price,TP1 Price,TP2 Price,TP3 Price,TP4 Price,TP5 Price,TP6 Price,TP7 Price,TP8 Price,TP9 Price,TP10 Price,Stop Loss Price
2025-08-12 20:54:12,GG-Shot Cornix (All Signals),,"BingX Futures, Bitget Futures, Binance Futures, ByBit USDT, KuCoin Futures",SKL/USDT,All Targets Achieved,Cross (10.0X),Long,4,3 Hours 42 Minutes,62.0326,0,0,0.02273,0,0.0213-0.02273,0.022015,0.0232,0.02367,0.02414,0.02555,,,,,,,
2025-08-12 11:30:24,GG-Shot Cornix (All Signals),,"Binance Futures, ByBit USDT, OKX Futures, KuCoin Futures, Bitget Futures, BingX Futures",STRK/USDT,Stopped Out,Cross (10.0X),Short,0,5 Hours 18 Minutes,-46.2606,0,0,0.1297,0,0.1264-0.133,0.1297,,,,,,,,,,,0.1357
2025-08-12 11:30:14,GG-Shot Cornix (All Signals),,"Bitget Futures, ByBit USDT, KuCoin Futures, OKX Futures, Binance Futures, BingX Futures",W/USDT,Stopped Out,Cross (10.0X),Short,0,8 Hours 49 Minutes,-52.3229,0,0,0.08523999999999998,0,0.08237-0.08811,0.08524,,,,,,,,,,,0.0897
2025-08-12 11:12:12,GG-Shot Cornix (All Signals),,"Binance Futures, BingX Futures, OKX Futures, KuCoin Futures, Bitget Futures, ByBit USDT",PYTH/USDT,Stopped Out,Cross (10.0X),Short,0,4 Hours 44 Minutes,-45.2675,0,0,0.1215,0,0.1183-0.1247,0.1215,,,,,,,,,,,0.127
2025-08-12 11:00:54,GG-Shot Cornix (All Signals),,"BingX Futures, KuCoin Futures, Bitget Futures, OKX Futures, Binance Futures, ByBit USDT",STORJ/USDT,Stopped Out,Cross (10.0X),Short,0,6 Hours 17 Minutes,-39.7633,0,0,0.27035,0,0.2643-0.2764,0.27035,,,,,,,,,,,0.2811
2025-08-12 11:00:43,GG-Shot Cornix (All Signals),,"Bitget Futures, KuCoin Futures, BingX Futures, ByBit USDT, HyperLiquid Futures, Binance Futures",SEI/USDT,Stopped Out,Cross (10.0X),Short,0,9 Hours 17 Minutes,-59.3563,0,0,0.30915000000000004,0,0.3003-0.318,0.30915000000000004,,,,,,,,,,,0.3275
2025-08-12 11:00:24,GG-Shot Cornix (All Signals),,"HyperLiquid Futures, BingX Futures, ByBit USDT, Binance Futures, OKX Futures, KuCoin Futures, Bitget Futures",APT/USDT,Stopped Out,Cross (10.0X),Short,0,4 Hours 54 Minutes,-35.2864,0,0,4.591,0,4.508-4.674,4.591,,,,,,,,,,,4.753
2025-08-12 09:54:17,GG-Shot Cornix (All Signals),,"BingX Futures, KuCoin Futures, Binance Futures, Bitget Futures, ByBit USDT",SKL/USDT,Stopped Out,Cross (10.0X),Short,0,9 Hours 56 Minutes,-47.5733,0,0,0.020810000000000002,0,0.02027-0.02135,0.020810000000000002,,,,,,,,,,,0.0218
2025-08-12 09:49:16,GG-Shot Cornix (All Signals),,"Bitget Futures, Binance Futures, KuCoin Futures, ByBit USDT, BingX Futures",RUNE/USDT,Stopped Out,Cross (10.0X),Short,0,5 Hours 34 Minutes,-36.6906,0,0,1.3900000000000001,0,1.364-1.416,1.3900000000000001,,,,,,,,,,,1.441
2025-08-12 06:18:14,GG-Shot Cornix (All Signals),,"BingX Futures, OKX Futures, KuCoin Futures, Binance Futures, Bitget Futures, ByBit USDT",ENJ/USDT,Stopped Out,Cross (10.0X),Short,0,11 Hours 7 Minutes,-40.9761,0,0,0.070895,0,0.06908-0.07271,0.070895,,,,,,,,,,,0.0738
2025-08-12 05:30:27,GG-Shot Cornix (All Signals),,"Bitget Futures, OKX Futures, ByBit USDT, Binance Futures",QTUM/USDT,Partial Targets Achieved,Cross (10.0X),Short,1,10 Hours 54 Minutes,-34.8223,0,0,2.082,0,2.082-2.163,2.1224999999999996,2.06,,,,,,,,,,2.186
2025-08-11 23:01:00,GG-Shot Cornix (All Signals),,"Bitget Futures, Binance Futures, KuCoin Futures, BingX Futures, ByBit USDT",BAKE/USDT,Partial Targets Achieved,Cross (10.0X),Short,1,21 Hours 17 Minutes,-39.0316,0,0,0.08433333333333333,0,0.0836-0.088,0.08579999999999999,0.0823,,,,,,,,,,0.0894
2025-08-11 23:00:49,GG-Shot Cornix (All Signals),,"OKX Futures, HyperLiquid Futures, BingX Futures, KuCoin Futures, ByBit USDT, Bitget Futures, Binance Futures",INJ/USDT,Stopped Out,Cross (10.0X),Short,0,16 Hours 52 Minutes,-41.0585,0,0,13.907,0,13.592-14.222,13.907,,,,,,,,,,,14.478
2025-08-11 22:30:56,GG-Shot Cornix (All Signals),,"KuCoin Futures, Binance Futures, ByBit USDT, Bitget Futures, BingX Futures",CAKE/USDT,Stopped Out,Cross (10.0X),Short,0,21 Hours 47 Minutes,-38.0523,0,0,2.7725,0,2.721-2.824,2.7725,,,,,,,,,,,2.878
2025-08-11 22:30:26,GG-Shot Cornix (All Signals),,"BingX Futures, Bitget Futures, ByBit USDT, KuCoin Futures, Binance Futures",ID/USDT,Stopped Out,Cross (10.0X),Short,0,12 Hours 5 Minutes,-42.8316,0,0,0.1681,0,0.1636-0.1726,0.1681,,,,,,,,,,,0.1753
2025-08-11 22:30:15,GG-Shot Cornix (All Signals),,"KuCoin Futures, Binance Futures, BingX Futures, Bitget Futures, ByBit USDT",NTRN/USDT,Stopped Out,Cross (10.0X),Short,0,17 Hours 29 Minutes,-46.3946,0,0,0.08945,0,0.0873-0.0916,0.08945,,,,,,,,,,,0.0936
2025-08-11 22:13:13,GG-Shot Cornix (All Signals),,"BingX Futures, OKX Futures, ByBit USDT, Bitget Futures, Binance Futures, KuCoin Futures",GMT/USDT,Stopped Out,Cross (10.0X),Short,0,18 Hours 46 Minutes,-38.1914,0,0,0.045559999999999996,0,0.04456-0.04656,0.04556,,,,,,,,,,,0.0473
2025-08-11 22:01:36,GG-Shot Cornix (All Signals),,"ByBit USDT, OKX Futures, Binance Futures, Bitget Futures, KuCoin Futures, BingX Futures",ZIL/USDT,Cancelled,Cross (10.0X),Short,0,19 Hours 5 Minutes,-32.6797,0,0,0.011475,0,0.01125-0.0117,0.011474999999999999,,,,,,,,,,,0.01185
2025-08-11 22:01:25,GG-Shot Cornix (All Signals),,"ByBit USDT, BingX Futures, OKX Futures, Binance Futures, Bitget Futures, KuCoin Futures",BOME/USDT,Partial Targets Achieved,Cross (10.0X),Short,1,21 Hours 55 Minutes,-58.7267,0,0,0.001822,0,0.001822-0.001932,0.001877,0.001776,,,,,,,,,,0.00198
2025-08-11 22:01:13,GG-Shot Cornix (All Signals),,"ByBit USDT, BingX Futures, Bitget Futures, KuCoin Futures, OKX Futures, Binance Futures",AUCTION/USDT,Cancelled,Cross (10.0X),Short,0,23 Minutes,0.0,0,0,,0,10.148-10.552,10.35,,,,,,,,,,,
2025-08-11 22:00:59,GG-Shot Cornix (All Signals),,"OKX Futures, ByBit USDT, Binance Futures, BingX Futures, KuCoin Futures, Bitget Futures",EGLD/USDT,Partial Targets Achieved,Cross (10.0X),Short,2,19 Hours 17 Minutes,-20.1187,0,0,15.16,0,15.16-15.84,15.5,15.01,14.85,,,,,,,,,16.0
2025-08-11 22:00:48,GG-Shot Cornix (All Signals),,"Bitget Futures, KuCoin Futures, ByBit USDT, BingX Futures, Binance Futures",COTI/USDT,Stopped Out,Cross (10.0X),Short,0,22 Hours 17 Minutes,-45.4968,0,0,0.05385000000000001,0,0.0524-0.0553,0.05385,,,,,,,,,,,0.0563
2025-08-11 22:00:23,GG-Shot Cornix (All Signals),,"HyperLiquid Futures, ByBit USDT, BingX Futures, Bitget Futures, OKX Futures, KuCoin Futures, Binance Futures",TIA/USDT,Stopped Out,Cross (10.0X),Short,0,20 Hours 17 Minutes,-56.358,0,0,1.7654999999999998,0,1.716-1.815,1.7654999999999998,,,,,,,,,,,1.865
2025-08-11 21:27:20,GG-Shot Cornix (All Signals),,"KuCoin Futures, HyperLiquid Futures, Bitget Futures, OKX Futures, Binance Futures, ByBit USDT, BingX Futures",WLD/USDT,Partial Targets Achieved,Cross (10.0X),Short,2,22 Hours 51 Minutes,-20.4451,0,0,1.0088,0,1.0088-1.0583,1.03355,0.9906,0.9725,,,,,,,,,1.0773
2025-08-11 13:30:35,GG-Shot Cornix (All Signals),,"KuCoin Futures, BingX Futures, Binance Futures, ByBit USDT, Bitget Futures",ROSE/USDT,Partial Targets Achieved,Cross (10.0X),Short,2,1 Days 19 Hours 5 Minutes,-7.3416,0,0,0.028036666666666668,0,0.02749-0.02913,0.028310000000000002,0.02709,0.0267,,,,,,,,,0.02959
2025-08-11 13:30:22,GG-Shot Cornix (All Signals),,"BingX Futures, KuCoin Futures, ByBit USDT, Binance Futures, Bitget Futures",HOOK/USDT,Partial Targets Achieved,Cross (10.0X),Short,1,1 Days 2 Hours 31 Minutes,-33.3386,0,0,0.10623333333333332,0,0.1045-0.1097,0.1071,0.1019,,,,,,,,,,0.1124
2025-08-11 12:00:49,GG-Shot Cornix (All Signals),,"ByBit USDT, KuCoin Futures, Binance Futures, Bitget Futures",BEL/USDT,Partial Targets Achieved,Cross (10.0X),Short,3,1 Days 22 Hours 13 Minutes,6.0767,0,0,0.2633,0,0.2633-0.2738,0.26854999999999996,0.2599,0.2565,0.253,,,,,,,,0.2774
2025-08-11 12:00:36,GG-Shot Cornix (All Signals),,"KuCoin Futures, ByBit USDT, BingX Futures, Binance Futures, Bitget Futures",VANRY/USDT,Partial Targets Achieved,Cross (10.0X),Short,2,1 Days 20 Hours 16 Minutes,-3.976,0,0,0.03227666666666666,0,0.03174-0.03335,0.032545,0.03111,0.03047,,,,,,,,,0.03402
2025-08-11 11:30:29,GG-Shot Cornix (All Signals),,"Bitget Futures, KuCoin Futures, ByBit USDT, BingX Futures, Binance Futures",RARE/USDT,Cancelled,Cross (10.0X),Short,0,22 Minutes,0.0,0,0,,0,0.06097-0.06441,0.06269,,,,,,,,,,,
2025-08-11 11:30:17,GG-Shot Cornix (All Signals),,"BingX Futures, Binance Futures, ByBit USDT, Bitget Futures, KuCoin Futures",ALT/USDT,Partial Targets Achieved,Cross (10.0X),Short,1,1 Days 2 Hours 6 Minutes,-36.0391,0,0,0.03628,0,0.03577-0.0373,0.036535,0.03452,,,,,,,,,,0.03861
2025-08-10 01:00:17,GG-Shot Cornix (All Signals),,"Bitget Futures, KuCoin Futures, BingX Futures, OKX Futures, ByBit USDT, Binance Futures",API3/USDT,Stopped Out,Cross (10.0X),Long,0,1 Days 21 Hours 20 Minutes,-54.0451,0,0,0.75585,0,0.7275-0.7842,0.75585,,,,,,,,,,,0.715
2025-08-09 09:00:15,GG-Shot Cornix (All Signals),,"KuCoin Futures, Bitget Futures, BingX Futures, Binance Futures, OKX Futures",TURBO/USDT,Stopped Out,Cross (10.0X),Long,0,3 Days 1 Hours 2 Minutes,-78.654,0,0,0.004933,0,0.004685-0.005181,0.004933,,,,,,,,,,,0.004545
2025-08-09 07:00:21,GG-Shot Cornix (All Signals),,"OKX Futures, BingX Futures, ByBit USDT, Binance Futures, Bitget Futures",IOST/USDT,Partial Targets Achieved,Cross (10.0X),Long,1,2 Days 23 Hours 14 Minutes,-25.5286,0,0,0.003783333333333333,0,0.003668-0.003841,0.0037545,0.003893,,,,,,,,,,0.003618
2025-08-08 20:00:43,GG-Shot Cornix (All Signals),,"KuCoin Futures, BingX Futures, Binance Futures, Bitget Futures, ByBit USDT",KNC/USDT,All Targets Achieved,Cross (10.0X),Long,4,2 Days 15 Hours 49 Minutes,1.6854,0,0,0.445,0,0.428-0.445,0.4365,0.449,0.453,0.457,,,,,,,,0.424
2025-08-08 14:01:01,GG-Shot Cornix (All Signals),,"BingX Futures, ByBit USDT, OKX Futures, KuCoin Futures, Binance Futures, Bitget Futures",ENS/USDT,All Targets Achieved,Cross (10.0X),Long,4,1 Days 10 Hours 48 Minutes,54.4563,0,0,28.066833333333335,0,26.491-28.382,27.436500000000002,28.867,29.353,29.838,30.323,,,,,,,
2025-08-08 00:30:17,GG-Shot Cornix (All Signals),,"Bitget Futures, BingX Futures, ByBit USDT, Binance Futures, KuCoin Futures",NTRN/USDT,Partial Targets Achieved,Cross (10.0X),Long,1,3 Days 23 Hours 30 Minutes,-39.2922,0,0,0.09183333333333334,0,0.088-0.0926,0.09029999999999999,0.0946,,,,,,,,,,0.0861
2025-08-07 23:50:11,GG-Shot Cornix (All Signals),,"KuCoin Futures, BingX Futures, ByBit USDT, Binance Futures, Bitget Futures",VET/USDT,All Targets Achieved,Cross (10.0X),Long,4,5 Days 9 Hours 16 Minutes,51.7467,0,0,0.024188333333333333,0,0.02313-0.0244,0.023765,0.02481,0.02523,0.02565,0.02607,,,,,,,
2025-08-07 22:30:15,GG-Shot Cornix (All Signals),,"BingX Futures, Bitget Futures, Binance Futures, KuCoin Futures, ByBit USDT",JASMY/USDT,All Targets Achieved,Cross (10.0X),Long,4,4 Days 14 Hours 56 Minutes,54.0142,0,0,0.015607,0,0.014869-0.015607,0.015238,0.015888,0.016169,0.01645,0.017293,,,,,,,
2025-08-07 21:42:11,GG-Shot Cornix (All Signals),,"OKX Futures, ByBit USDT, BingX Futures, KuCoin Futures, Binance Futures, Bitget Futures",FIL/USDT,All Targets Achieved,Cross (10.0X),Long,4,5 Days 12 Hours 47 Minutes,47.9716,0,0,2.465,0,2.37-2.465,2.4175,2.504,2.544,2.583,2.702,,,,,,,
2025-08-07 21:30:19,GG-Shot Cornix (All Signals),,"KuCoin Futures, BingX Futures, ByBit USDT, Binance Futures, Bitget Futures",CYBER/USDT,All Targets Achieved,Cross (10.0X),Long,4,2 Days 19 Hours 59 Minutes,66.1548,0,0,1.693,0,1.618-1.708,1.663,1.74,1.773,1.805,1.902,,,,,,,
2025-08-07 21:20:11,GG-Shot Cornix (All Signals),,"KuCoin Futures, Bitget Futures, OKX Futures, ByBit USDT, BingX Futures, Binance Futures, HyperLiquid Futures",AVAX/USDT,All Targets Achieved,Cross (10.0X),Long,4,5 Days 12 Hours 31 Minutes,51.0226,0,0,22.98,0,22.18-22.98,22.58,23.37,23.76,24.15,25.33,,,,,,,
2025-08-07 14:15:18,GG-Shot Cornix (All Signals),,"OKX Futures, BingX Futures, Bitget Futures, ByBit USDT, KuCoin Futures, Binance Futures",BNT/USDT,All Targets Achieved,Cross (10.0X),Long,4,1 Days 14 Hours 51 Minutes,47.6925,0,0,0.72915,0,0.7094-0.7331,0.72125,0.7434,0.7537,0.7639,0.7947,,,,,,,
2025-08-07 14:00:59,GG-Shot Cornix (All Signals),,"Bitget Futures, Binance Futures, OKX Futures, ByBit USDT, KuCoin Futures, BingX Futures",CHZ/USDT,All Targets Achieved,Cross (10.0X),Long,4,1 Days 22 Hours 28 Minutes,50.6118,0,0,0.040043333333333334,0,0.03861-0.04033,0.03947,0.04091,0.04149,0.04207,0.04381,,,,,,,
2025-08-07 14:00:33,GG-Shot Cornix (All Signals),,"Binance Futures, BingX Futures, ByBit USDT, OKX Futures, Bitget Futures, KuCoin Futures",SUSHI/USDT,All Targets Achieved,Cross (10.0X),Long,4,1 Days 18 Hours 44 Minutes,57.9703,0,0,0.8048666666666666,0,0.7778-0.8184,0.7981,0.8294,0.8405,0.8515,0.8847,,,,,,,
2025-08-07 14:00:16,GG-Shot Cornix (All Signals),,"HyperLiquid Futures, BingX Futures, Binance Futures, OKX Futures, ByBit USDT, Bitget Futures, KuCoin Futures",ADA/USDT,All Targets Achieved,Cross (10.0X),Long,4,2 Days 14 Hours 47 Minutes,50.6246,0,0,0.7605,0,0.728-0.767,0.7475,0.778,0.788,0.799,0.831,,,,,,,
2025-08-07 12:30:17,GG-Shot Cornix (All Signals),,"BingX Futures, ByBit USDT, KuCoin Futures, Bitget Futures, Binance Futures",ID/USDT,All Targets Achieved,Cross (10.0X),Long,4,1 Days 4 Hours 34 Minutes,52.0565,0,0,0.16168333333333335,0,0.1571-0.1626,0.15985,0.1651,0.1676,0.1701,0.1776,,,,,,,
2025-08-07 12:00:51,GG-Shot Cornix (All Signals),,"KuCoin Futures, ByBit USDT, Bitget Futures, Binance Futures",C98/USDT,All Targets Achieved,Cross (10.0X),Long,4,3 Days 12 Hours 47 Minutes,81.3492,0,0,0.0504,0,0.0491-0.0517,0.0504,0.0526,0.0536,0.0545,0.0573,,,,,,,
2025-08-07 11:33:13,GG-Shot Cornix (All Signals),,"BingX Futures, Bitget Futures, ByBit USDT, Binance Futures, KuCoin Futures",SKL/USDT,All Targets Achieved,Cross (10.0X),Long,4,5 Days 9 Hours 18 Minutes,74.9251,0,0,0.020019999999999996,0,0.01954-0.02026,0.0199,0.02068,0.0211,0.02152,0.02278,,,,,,,
2025-08-07 11:30:50,GG-Shot Cornix (All Signals),,"OKX Futures, Bitget Futures, BingX Futures, ByBit USDT, Binance Futures, KuCoin Futures",RVN/USDT,All Targets Achieved,Cross (10.0X),Long,4,3 Days 15 Hours 11 Minutes,58.4612,0,0,0.013798333333333333,0,0.01334-0.01389,0.013614999999999999,0.01413,0.01437,0.0146,0.01532,,,,,,,
2025-08-07 11:30:29,GG-Shot Cornix (All Signals),,"BingX Futures, Bitget Futures, Binance Futures, ByBit USDT, KuCoin Futures",COTI/USDT,All Targets Achieved,Cross (10.0X),Long,4,5 Days 22 Hours 28 Minutes,61.6118,0,0,0.05348,0,0.05214-0.05415,0.053145,0.05507,0.05599,0.05691,0.05913,,,,,,,
2025-08-07 11:01:33,GG-Shot Cornix (All Signals),,"BingX Futures, ByBit USDT, KuCoin Futures, OKX Futures, Binance Futures, Bitget Futures",ETHFI/USDT,All Targets Achieved,Cross (10.0X),Long,4,1 Days 18 Hours 23 Minutes,72.3853,0,0,1.0676666666666668,0,0.99-1.0832,1.0366,1.1038,1.1244,1.1449,1.2067,,,,,,,
2025-08-07 11:01:06,GG-Shot Cornix (All Signals),,"BingX Futures, OKX Futures, ByBit USDT, Binance Futures, KuCoin Futures, Bitget Futures",ALGO/USDT,Cancelled,Cross (10.0X),Long,0,6 Minutes,0.0,0,0,,0,0.2377-0.2533,0.2455,,,,,,,,,,,
2025-08-07 11:00:55,GG-Shot Cornix (All Signals),,"Binance Futures, Bitget Futures, ByBit USDT, OKX Futures",QTUM/USDT,All Targets Achieved,Cross (10.0X),Long,4,2 Days 16 Hours 59 Minutes,32.414,0,0,2.121,0,2.079-2.121,2.1,2.144,2.167,2.19,2.258,,,,,,,
2025-08-07 11:00:45,GG-Shot Cornix (All Signals),,"KuCoin Futures, Bitget Futures, ByBit USDT, BingX Futures, OKX Futures, Binance Futures, HyperLiquid Futures",OP/USDT,All Targets Achieved,Cross (10.0X),Long,4,1 Days 18 Hours 6 Minutes,68.418,0,0,0.6928000000000001,0,0.6653-0.6983,0.6818,0.7123,0.7262,0.7402,0.7821,,,,,,,
2025-08-07 11:00:34,GG-Shot Cornix (All Signals),,"BingX Futures, KuCoin Futures, OKX Futures, ByBit USDT, Bitget Futures, Binance Futures",SNX/USDT,All Targets Achieved,Cross (10.0X),Long,4,1 Days 23 Hours 46 Minutes,47.9564,0,0,0.6116666666666666,0,0.59-0.616,0.603,0.624,0.633,0.641,0.666,,,,,,,
2025-08-07 10:40:24,GG-Shot Cornix (All Signals),,"Binance Futures, BingX Futures, OKX Futures, ByBit USDT, KuCoin Futures, Bitget Futures",SAND/USDT,All Targets Achieved,Cross (10.0X),Long,4,2 Days 1 Hours 49 Minutes,52.5411,0,0,0.27645,0,0.2657-0.2786,0.27215,0.2826,0.2866,0.2911,0.3036,,,,,,,
2025-08-07 10:40:12,GG-Shot Cornix (All Signals),,"BingX Futures, OKX Futures, ByBit USDT, Binance Futures, KuCoin Futures, Bitget Futures",PYTH/USDT,All Targets Achieved,Cross (10.0X),Long,4,1 Days 18 Hours 47 Minutes,55.7432,0,0,0.1184,0,0.1129-0.1195,0.1162,0.1217,0.1239,0.1261,0.1283,,,,,,,
2025-08-07 10:31:44,GG-Shot Cornix (All Signals),,"BingX Futures, Binance Futures, OKX Futures, ByBit USDT, Bitget Futures, KuCoin Futures",AXS/USDT,All Targets Achieved,Cross (10.0X),Long,4,2 Days 10 Hours 9 Minutes,47.9087,0,0,2.343,0,2.24-2.343,2.2915,2.38,2.418,2.455,2.568,,,,,,,
2025-08-07 10:31:30,GG-Shot Cornix (All Signals),,"Bitget Futures, KuCoin Futures, OKX Futures, BingX Futures, Binance Futures, ByBit USDT",GALA/USDT,All Targets Achieved,Cross (10.0X),Long,4,1 Days 3 Hours 31 Minutes,32.3752,0,0,0.01583,0,0.01511-0.01583,0.015470000000000001,0.016,0.01617,0.01634,0.01686,,,,,,,
2025-08-07 10:30:51,GG-Shot Cornix (All Signals),,"Binance Futures, OKX Futures, BingX Futures, KuCoin Futures, ByBit USDT, Bitget Futures",RENDER/USDT,Cancelled,Cross (10.0X),Long,0,1 Hours 16 Minutes,0.0,0,0,,0,3.542-3.672,3.607,,,,,,,,,,,
2025-08-07 10:30:31,GG-Shot Cornix (All Signals),,"Binance Futures, ByBit USDT, KuCoin Futures, BingX Futures, Bitget Futures, OKX Futures, HyperLiquid Futures",AAVE/USDT,All Targets Achieved,Cross (10.0X),Long,4,1 Days 18 Hours 54 Minutes,53.9975,0,0,271.17,0,260.77-271.17,265.97,276.05,280.93,285.81,300.46,,,,,,,
2025-08-07 10:30:13,GG-Shot Cornix (All Signals),,"OKX Futures, ByBit USDT, Binance Futures, BingX Futures, Bitget Futures, KuCoin Futures, HyperLiquid Futures",ETH/USDT,All Targets Achieved,Cross (10.0X),Long,4,2 Days 9 Hours 40 Minutes,60.0018,0,0,3797.8,0,3587.9-3797.8,3692.8500000000004,3858.6,3919.3,4040.9,4283.9,,,,,,,
2025-08-07 10:00:18,GG-Shot Cornix (All Signals),,"BingX Futures, Binance Futures, KuCoin Futures, ByBit USDT, Bitget Futures, HyperLiquid Futures",ENA/USDT,All Targets Achieved,Cross (10.0X),Long,4,1 Days 19 Hours 5 Minutes,45.0278,0,0,0.6285,0,0.5966-0.6285,0.6125499999999999,0.6379,0.6474,0.6568,0.6851,,,,,,,
2025-08-07 08:47:19,GG-Shot Cornix (All Signals),,"OKX Futures, BingX Futures, Bitget Futures, ByBit USDT, Binance Futures, KuCoin Futures",RSR/USDT,All Targets Achieved,Cross (10.0X),Long,4,1 Days 20 Hours 19 Minutes,63.0523,0,0,0.0077515,0,0.007529-0.007796,0.0076625,0.007944,0.008092,0.00824,0.008685,,,,,,,
2025-08-07 08:32:13,GG-Shot Cornix (All Signals),,"Binance Futures, KuCoin Futures, BingX Futures, Bitget Futures, OKX Futures, ByBit USDT",GRT/USDT,All Targets Achieved,Cross (10.0X),Long,4,6 Days 0 Hours 32 Minutes,51.2814,0,0,0.09326,0,0.09043-0.09326,0.091845,0.09485,0.09645,0.09804,0.10283,,,,,,,
2025-08-07 01:00:18,GG-Shot Cornix (All Signals),,"Bitget Futures, BingX Futures, Binance Futures, OKX Futures, ByBit USDT, KuCoin Futures",ATOM/USDT,All Targets Achieved,Cross (10.0X),Long,4,2 Days 4 Hours 21 Minutes,45.043,0,0,4.307,0,4.176-4.307,4.2415,4.372,4.436,4.501,4.695,,,,,,,
2025-08-06 18:05:17,GG-Shot Cornix (All Signals),,"Bitget Futures, HyperLiquid Futures, OKX Futures, BingX Futures, ByBit USDT, Binance Futures, KuCoin Futures",SOL/USDT,All Targets Achieved,Cross (10.0X),Long,4,6 Days 3 Hours 14 Minutes,72.2217,0,0,168.85500000000002,0,163.93-169.84,166.885,173.58,177.31,181.05,192.26,,,,,,,
2025-08-06 17:00:20,GG-Shot Cornix (All Signals),,"KuCoin Futures, Bitget Futures, Binance Futures",LEVER/USDT,Cancelled,Cross (10.0X),Long,0,5 Minutes,0.0,0,0,,0,0.0001581-0.0001712,0.00016465,,,,,,,,,,,
2025-08-06 09:20:17,GG-Shot Cornix (All Signals),,"KuCoin Futures, Binance Futures, BingX Futures, ByBit USDT, Bitget Futures",ALPHA/USDT,All Targets Achieved,Cross (10.0X),Long,4,2 Days 22 Hours 20 Minutes,77.2947,0,0,0.014490000000000001,0,0.01417-0.01481,0.01449,0.01508,0.01534,0.01561,0.01641,,,,,,,
2025-08-06 01:30:27,GG-Shot Cornix (All Signals),,"Bitget Futures, OKX Futures, Binance Futures, ByBit USDT, KuCoin Futures, BingX Futures",BOME/USDT,Stopped Out,Cross (10.0X),Short,0,1 Days 8 Hours 44 Minutes,-51.1247,0,0,0.0017115,0,0.001668-0.001755,0.0017115,,,,,,,,,,,0.001799
2025-08-06 01:30:17,GG-Shot Cornix (All Signals),,"Bitget Futures, Binance Futures, OKX Futures, KuCoin Futures, ByBit USDT, BingX Futures",NOT/USDT,Stopped Out,Cross (10.0X),Short,0,1 Days 23 Hours 8 Minutes,-58.0423,0,0,0.002033,0,0.001977-0.002089,0.002033,,,,,,,,,,,0.002151
2025-08-05 12:00:50,GG-Shot Cornix (All Signals),,"Binance Futures, ByBit USDT, BingX Futures, OKX Futures, KuCoin Futures, Bitget Futures",AR/USDT,All Targets Achieved,Cross (10.0X),Long,4,3 Days 17 Hours 20 Minutes,87.1833,0,0,6.8075,0,6.537-7.078,6.8075,7.186,7.293,7.401,7.724,,,,,,,
2025-08-05 12:00:39,GG-Shot Cornix (All Signals),,"HyperLiquid Futures, Binance Futures, ByBit USDT, OKX Futures, KuCoin Futures, BingX Futures, Bitget Futures",JUP/USDT,All Targets Achieved,Cross (10.0X),Long,4,7 Days 15 Hours 0 Minutes,96.6324,0,0,0.47215000000000007,0,0.4586-0.4857,0.47215,0.4964,0.5071,0.5178,0.5498,,,,,,,
2025-08-05 12:00:23,GG-Shot Cornix (All Signals),,"HyperLiquid Futures, KuCoin Futures, Bitget Futures, ByBit USDT, OKX Futures, BingX Futures, Binance Futures",APT/USDT,All Targets Achieved,Cross (10.0X),Long,4,3 Days 17 Hours 8 Minutes,65.1538,0,0,4.2745,0,4.217-4.332,4.2745,4.406,4.479,4.553,4.774,,,,,,,
2025-08-05 11:00:34,GG-Shot Cornix (All Signals),,"Bitget Futures, KuCoin Futures, BingX Futures, Binance Futures, OKX Futures, ByBit USDT",APE/USDT,Stopped Out,Cross (10.0X),Long,0,16 Hours 26 Minutes,-36.7144,0,0,0.56245,0,0.5528-0.5721,0.56245,,,,,,,,,,,0.5418
2025-08-05 11:00:20,GG-Shot Cornix (All Signals),,"OKX Futures, BingX Futures, Binance Futures, KuCoin Futures, Bitget Futures, ByBit USDT",AUCTION/USDT,All Targets Achieved,Cross (10.0X),Long,4,4 Days 9 Hours 38 Minutes,56.649,0,0,9.806,0,9.668-9.944,9.806000000000001,10.083,10.222,10.362,10.779,,,,,,,
2025-08-05 10:49:16,GG-Shot Cornix (All Signals),,"KuCoin Futures, ByBit USDT, Bitget Futures, Binance Futures, OKX Futures",BAND/USDT,Stopped Out,Cross (10.0X),Long,0,16 Hours 34 Minutes,-40.7818,0,0,0.6498,0,0.6324-0.6672,0.6497999999999999,,,,,,,,,,,0.6233
2025-08-05 10:00:32,GG-Shot Cornix (All Signals),,"KuCoin Futures, Bitget Futures, ByBit USDT, Binance Futures",BEL/USDT,Partial Targets Achieved,Cross (10.0X),Long,1,12 Hours 2 Minutes,-33.611,0,0,0.2581,0,0.2487-0.2581,0.2534,0.2615,,,,,,,,,,0.2454
2025-08-04 22:00:23,GG-Shot Cornix (All Signals),,"KuCoin Futures, OKX Futures, Binance Futures, BingX Futures, ByBit USDT, Bitget Futures",ZIL/USDT,Stopped Out,Cross (10.0X),Long,0,1 Days 6 Hours 4 Minutes,-33.1366,0,0,0.011015,0,0.01079-0.01124,0.011015,,,,,,,,,,,0.01065
2025-08-04 21:00:33,GG-Shot Cornix (All Signals),,"Bitget Futures, KuCoin Futures, BingX Futures, Binance Futures, OKX Futures, ByBit USDT",W/USDT,Stopped Out,Cross (10.0X),Long,0,1 Days 7 Hours 4 Minutes,-40.6703,0,0,0.077575,0,0.07579-0.07936,0.077575,,,,,,,,,,,0.07442
2025-08-04 21:00:17,GG-Shot Cornix (All Signals),,"HyperLiquid Futures, BingX Futures, OKX Futures, Bitget Futures, Binance Futures, KuCoin Futures, ByBit USDT",INJ/USDT,Cancelled,Cross (10.0X),Long,0,5 Minutes,0.0,0,0,,0,12.915-13.745,13.329999999999998,,,,,,,,,,,
2025-08-04 20:40:12,GG-Shot Cornix (All Signals),,"KuCoin Futures, ByBit USDT, BingX Futures, Bitget Futures, Binance Futures",RUNE/USDT,Stopped Out,Cross (10.0X),Long,0,1 Days 7 Hours 34 Minutes,-37.3191,0,0,1.313,0,1.287-1.339,1.313,,,,,,,,,,,1.264
2025-08-04 19:00:20,GG-Shot Cornix (All Signals),,"Bitget Futures, KuCoin Futures, BingX Futures, ByBit USDT, Binance Futures, OKX Futures",ZRO/USDT,Partial Targets Achieved,Cross (10.0X),Long,1,1 Days 8 Hours 15 Minutes,-33.8629,0,0,1.794,0,1.728-1.794,1.7610000000000001,1.818,,,,,,,,,,1.705
2025-08-04 18:00:20,GG-Shot Cornix (All Signals),,"Bitget Futures, ByBit USDT, Binance Futures, BingX Futures, KuCoin Futures, OKX Futures",GMX/USDT,All Targets Achieved,Cross (10.0X),Long,4,4 Days 15 Hours 47 Minutes,46.019,0,0,13.69,0,12.64-13.69,13.165,13.9,14.11,14.32,14.95,,,,,,,
2025-08-04 17:30:39,GG-Shot Cornix (All Signals),,"BingX Futures, ByBit USDT, Binance Futures, Bitget Futures, KuCoin Futures",ROSE/USDT,All Targets Achieved,Cross (10.0X),Long,4,3 Days 14 Hours 45 Minutes,74.9751,0,0,0.025074999999999997,0,0.02431-0.02584,0.025075,0.02621,0.02658,0.02696,0.02807,,,,,,,
2025-08-04 17:30:27,GG-Shot Cornix (All Signals),,"HyperLiquid Futures, OKX Futures, KuCoin Futures, BingX Futures, Binance Futures, Bitget Futures, ByBit USDT",DOT/USDT,Stopped Out,Cross (10.0X),Long,0,1 Days 4 Hours 33 Minutes,-28.4153,0,0,3.66,0,3.585-3.735,3.66,,,,,,,,,,,3.556
2025-08-04 17:30:17,GG-Shot Cornix (All Signals),,"KuCoin Futures, Bitget Futures, OKX Futures, BingX Futures, Binance Futures, ByBit USDT",LQTY/USDT,Stopped Out,Cross (10.0X),Long,0,20 Hours 52 Minutes,-36.1072,0,0,0.96795,0,0.9434-0.9925,0.9679500000000001,,,,,,,,,,,0.933
2025-08-04 16:48:13,GG-Shot Cornix (All Signals),,"Binance Futures, OKX Futures, ByBit USDT, BingX Futures, KuCoin Futures, Bitget Futures",WOO/USDT,All Targets Achieved,Cross (10.0X),Long,4,4 Days 12 Hours 27 Minutes,53.9906,0,0,0.07242,0,0.06925-0.07242,0.07083500000000001,0.07372,0.07503,0.07633,0.08024,,,,,,,
2025-08-04 16:30:19,GG-Shot Cornix (All Signals),,"Bitget Futures, ByBit USDT, Binance Futures, BingX Futures, OKX Futures, KuCoin Futures",DYDX/USDT,Partial Targets Achieved,Cross (10.0X),Long,3,1 Days 3 Hours 15 Minutes,2.6596,0,0,0.564,0,0.544-0.564,0.554,0.569,0.574,0.579,,,,,,,,0.54
2025-08-04 14:00:23,GG-Shot Cornix (All Signals),,"BingX Futures, Binance Futures, ByBit USDT, OKX Futures, Bitget Futures, KuCoin Futures",COMP/USDT,All Targets Achieved,Cross (10.0X),Long,4,4 Days 4 Hours 2 Minutes,39.2157,0,0,45.9,0,44.4-45.9,45.15,46.5,47.1,47.7,49.5,,,,,,,
2025-08-04 12:00:19,GG-Shot Cornix (All Signals),,"HyperLiquid Futures, Bitget Futures, BingX Futures, OKX Futures, ByBit USDT, KuCoin Futures, Binance Futures",LTC/USDT,All Targets Achieved,Cross (10.0X),Long,4,14 Hours 3 Minutes,38.3992,0,0,114.13,0,109.96-114.13,112.04499999999999,115.59,117.05,118.51,122.9,,,,,,,
2025-08-04 09:00:22,GG-Shot Cornix (All Signals),,"KuCoin Futures, Bitget Futures, Binance Futures, BingX Futures, OKX Futures, ByBit USDT",EGLD/USDT,All Targets Achieved,Cross (10.0X),Long,4,3 Days 15 Hours 36 Minutes,36.6909,0,0,14.445,0,14.07-14.52,14.295,14.67,14.82,14.98,15.43,,,,,,,
2025-08-04 01:00:26,GG-Shot Cornix (All Signals),,"BingX Futures, Bitget Futures, Binance Futures, KuCoin Futures, ByBit USDT",ALT/USDT,All Targets Achieved,Cross (10.0X),Long,4,8 Days 22 Hours 59 Minutes,111.7083,0,0,0.03286833333333333,0,0.03186-0.03307,0.032465,0.03423,0.03538,0.03654,0.04001,,,,,,,
2025-08-04 01:00:18,GG-Shot Cornix (All Signals),,"HyperLiquid Futures, BingX Futures, Binance Futures, KuCoin Futures, ByBit USDT, OKX Futures, Bitget Futures",WIF/USDT,Stopped Out,Cross (10.0X),Long,0,1 Days 21 Hours 7 Minutes,-50.469,0,0,0.8956000000000001,0,0.8731-0.9181,0.8956,,,,,,,,,,,0.8504
2025-08-03 10:30:13,GG-Shot Cornix (All Signals),,"Bitget Futures, BingX Futures, Binance Futures, OKX Futures, ByBit USDT, KuCoin Futures",NOT/USDT,Partial Targets Achieved,Cross (10.0X),Long,1,2 Days 17 Hours 34 Minutes,-52.4213,0,0,0.002127,0,0.002018-0.002127,0.0020724999999999997,0.002191,,,,,,,,,,0.001957
2025-08-01 20:09:10,GG-Shot Cornix (All Signals),,"BingX Futures, OKX Futures, Bitget Futures, Binance Futures, ByBit USDT, KuCoin Futures",MAGIC/USDT,Cancelled,Cross (10.0X),Long,0,0 Minutes,0.0,0,0,,0,0.1484-0.1585,0.15345,,,,,,,,,,,
2025-08-01 10:00:16,GG-Shot Cornix (All Signals),,"BingX Futures, Bitget Futures, Binance Futures, ByBit USDT, KuCoin Futures",CYBER/USDT,Partial Targets Achieved,Cross (10.0X),Short,2,7 Days 20 Hours 50 Minutes,-15.9797,0,0,1.674,0,1.655-1.769,1.712,1.604,1.553,,,,,,,,,1.823
2025-08-01 09:00:23,GG-Shot Cornix (All Signals),,"KuCoin Futures, ByBit USDT, Bitget Futures, OKX Futures, Binance Futures, BingX Futures",NMR/USDT,Partial Targets Achieved,Cross (10.0X),Short,3,7 Days 20 Hours 6 Minutes,10.095,0,0,8.42,0,8.42-8.87,8.645,8.26,8.1,7.94,,,,,,,,9.04
2025-07-31 21:00:27,GG-Shot Cornix (All Signals),,"Bitget Futures, KuCoin Futures, OKX Futures, Binance Futures, BingX Futures, ByBit USDT",ENS/USDT,All Targets Achieved,Cross (10.0X),Short,4,16 Hours 53 Minutes,42.7471,0,0,27.265,0,27.265-29.195,28.23,26.799,26.333,25.866,25.4,,,,,,,
2025-07-30 19:01:09,GG-Shot Cornix (All Signals),,"OKX Futures, Bitget Futures, ByBit USDT, BingX Futures, KuCoin Futures, Binance Futures, HyperLiquid Futures",LTC/USDT,Cancelled,Cross (10.0X),Short,0,5 Minutes,0.0,0,0,,0,107.96-114.27,111.115,,,,,,,,,,,
2025-07-30 19:00:58,GG-Shot Cornix (All Signals),,"ByBit USDT, KuCoin Futures, Bitget Futures, Binance Futures, BingX Futures, OKX Futures",STRK/USDT,Cancelled,Cross (10.0X),Short,0,7 Minutes,0.0,0,0,,0,0.1215-0.1311,0.1263,,,,,,,,,,,
2025-07-30 19:00:32,GG-Shot Cornix (All Signals),,"Bitget Futures, OKX Futures, KuCoin Futures, ByBit USDT, BingX Futures, Binance Futures",AR/USDT,All Targets Achieved,Cross (10.0X),Short,4,2 Days 22 Hours 51 Minutes,70.9738,0,0,7.147,0,7.147-7.628,7.3875,6.978,6.809,6.64,6.132,,,,,,,
2025-07-30 12:00:22,GG-Shot Cornix (All Signals),,"BingX Futures, Bitget Futures, Binance Futures, OKX Futures, ByBit USDT, KuCoin Futures, HyperLiquid Futures",OP/USDT,Partial Targets Achieved,Cross (10.0X),Short,3,9 Days 13 Hours 41 Minutes,22.5818,0,0,0.69525,0,0.6841-0.751,0.71755,0.6667,0.6494,0.632,,,,,,,,0.7701
2025-07-30 11:30:15,GG-Shot Cornix (All Signals),,"ByBit USDT, Bitget Futures, BingX Futures, OKX Futures, KuCoin Futures, Binance Futures",ETHFI/USDT,All Targets Achieved,Cross (10.0X),Short,4,1 Days 20 Hours 36 Minutes,68.1699,0,0,1.1463999999999999,0,1.1328-1.2144,1.1736,1.1113,1.0898,1.0682,1.0037,,,,,,,
2025-07-30 10:00:17,GG-Shot Cornix (All Signals),,"OKX Futures, ByBit USDT, Bitget Futures, BingX Futures, Binance Futures, KuCoin Futures, HyperLiquid Futures",LINK/USDT,Partial Targets Achieved,Cross (10.0X),Short,3,8 Days 17 Hours 58 Minutes,29.1443,0,0,17.542,0,17.542-18.532,18.037,16.928,16.314,15.7,,,,,,,,19.181
2025-07-30 09:49:11,GG-Shot Cornix (All Signals),,"KuCoin Futures, ByBit USDT, Bitget Futures, OKX Futures, BingX Futures, Binance Futures",RSR/USDT,All Targets Achieved,Cross (10.0X),Short,4,2 Days 12 Hours 39 Minutes,57.0016,0,0,0.008241,0,0.008241-0.008745,0.008493,0.008084,0.007928,0.007771,0.007302,,,,,,,
2025-07-30 04:48:13,GG-Shot Cornix (All Signals),,"KuCoin Futures, OKX Futures, ByBit USDT, Bitget Futures, Binance Futures, BingX Futures",PYTH/USDT,All Targets Achieved,Cross (10.0X),Short,4,14 Hours 19 Minutes,45.5645,0,0,0.124,0,0.124-0.1327,0.12835000000000002,0.1218,0.1195,0.1172,0.1149,,,,,,,
2025-07-30 01:30:14,GG-Shot Cornix (All Signals),,"BingX Futures, HyperLiquid Futures, Binance Futures, KuCoin Futures, ByBit USDT, Bitget Futures",SEI/USDT,Partial Targets Achieved,Cross (10.0X),Short,3,14 Days 8 Hours 41 Minutes,31.3519,0,0,0.3168333333333333,0,0.3135-0.3335,0.3235,0.3041,0.2947,0.2853,,,,,,,,0.3435
2025-07-29 23:30:16,GG-Shot Cornix (All Signals),,"HyperLiquid Futures, Bitget Futures, KuCoin Futures, BingX Futures, OKX Futures, ByBit USDT, Binance Futures",INJ/USDT,All Targets Achieved,Cross (10.0X),Short,4,2 Days 21 Hours 10 Minutes,53.9827,0,0,14.023,0,14.023-15.124,14.5735,13.771,13.518,13.266,12.509,,,,,,,
2025-07-29 21:00:19,GG-Shot Cornix (All Signals),,"HyperLiquid Futures, KuCoin Futures, OKX Futures, ByBit USDT, Binance Futures, Bitget Futures, BingX Futures",JUP/USDT,All Targets Achieved,Cross (10.0X),Short,4,2 Days 16 Hours 54 Minutes,66.003,0,0,0.5299,0,0.5299-0.5749,0.5524,0.5182,0.5066,0.4949,0.46,,,,,,,
2025-07-29 20:39:14,GG-Shot Cornix (All Signals),,"KuCoin Futures, OKX Futures, Bitget Futures, ByBit USDT, Binance Futures",BAND/USDT,All Targets Achieved,Cross (10.0X),Short,4,2 Days 3 Hours 55 Minutes,53.4112,0,0,0.7021,0,0.6946-0.7396,0.7171000000000001,0.6846,0.6746,0.6646,0.6346,,,,,,,
2025-07-29 20:30:14,GG-Shot Cornix (All Signals),,"KuCoin Futures, ByBit USDT, BingX Futures, Bitget Futures, OKX Futures, Binance Futures",AUCTION/USDT,All Targets Achieved,Cross (10.0X),Short,4,2 Days 3 Hours 38 Minutes,49.4088,0,0,10.684666666666667,0,10.602-11.098,10.850000000000001,10.454,10.305,10.157,9.711,,,,,,,
2025-07-29 20:16:12,GG-Shot Cornix (All Signals),,"OKX Futures, KuCoin Futures, Bitget Futures, BingX Futures, ByBit USDT, Binance Futures",GRT/USDT,All Targets Achieved,Cross (10.0X),Short,4,2 Days 17 Hours 38 Minutes,59.8294,0,0,0.10121833333333333,0,0.10031-0.10576,0.103035,0.09859,0.09688,0.09516,0.09002,,,,,,,
2025-07-29 20:00:37,GG-Shot Cornix (All Signals),,"KuCoin Futures, Bitget Futures, BingX Futures, ByBit USDT, OKX Futures, Binance Futures",KSM/USDT,All Targets Achieved,Cross (10.0X),Short,4,3 Days 2 Hours 27 Minutes,57.2607,0,0,15.15,0,15.15-15.92,15.535,14.86,14.57,14.28,13.42,,,,,,,
2025-07-29 19:30:14,GG-Shot Cornix (All Signals),,"Bitget Futures, ByBit USDT, OKX Futures, BingX Futures, Binance Futures, KuCoin Futures",ATOM/USDT,All Targets Achieved,Cross (10.0X),Short,4,2 Days 4 Hours 43 Minutes,50.9459,0,0,4.589833333333333,0,4.561-4.734,4.6475,4.493,4.424,4.356,4.151,,,,,,,
2025-07-29 18:42:10,GG-Shot Cornix (All Signals),,"KuCoin Futures, OKX Futures, ByBit USDT, Bitget Futures, Binance Futures, HyperLiquid Futures, BingX Futures",TIA/USDT,All Targets Achieved,Cross (10.0X),Short,4,3 Days 3 Hours 42 Minutes,77.9014,0,0,1.887,0,1.887-1.985,1.936,1.838,1.789,1.74,1.593,,,,,,,
2025-07-29 18:00:22,GG-Shot Cornix (All Signals),,"KuCoin Futures, ByBit USDT, Binance Futures, Bitget Futures",BEL/USDT,All Targets Achieved,Cross (10.0X),Short,4,2 Days 11 Hours 19 Minutes,39.0401,0,0,0.2792,0,0.2792-0.2953,0.28725,0.2756,0.2719,0.2683,0.2574,,,,,,,
2025-07-29 16:32:11,GG-Shot Cornix (All Signals),,"Bitget Futures, BingX Futures, OKX Futures, KuCoin Futures, ByBit USDT, Binance Futures",FIL/USDT,All Targets Achieved,Cross (10.0X),Short,4,2 Days 15 Hours 34 Minutes,48.0769,0,0,2.548,0,2.548-2.67,2.609,2.507,2.466,2.426,2.303,,,,,,,
2025-07-29 16:30:36,GG-Shot Cornix (All Signals),,"KuCoin Futures, Bitget Futures, Binance Futures, BingX Futures, OKX Futures, ByBit USDT",ICP/USDT,All Targets Achieved,Cross (10.0X),Short,4,2 Days 21 Hours 19 Minutes,52.138,0,0,5.464666666666667,0,5.424-5.668,5.546,5.326,5.229,5.131,5.033,,,,,,,
2025-07-29 16:30:26,GG-Shot Cornix (All Signals),,"Bitget Futures, KuCoin Futures, BingX Futures, Binance Futures, OKX Futures, ByBit USDT",BNT/USDT,All Targets Achieved,Cross (10.0X),Short,4,3 Days 5 Hours 57 Minutes,47.3134,0,0,0.7555999999999999,0,0.7514-0.7766,0.764,0.7409,0.7304,0.7198,0.6883,,,,,,,
2025-07-29 16:30:15,GG-Shot Cornix (All Signals),,"KuCoin Futures, OKX Futures, BingX Futures, Bitget Futures, ByBit USDT, Binance Futures",ID/USDT,All Targets Achieved,Cross (10.0X),Short,4,2 Days 8 Hours 16 Minutes,45.8145,0,0,0.1768,0,0.1768-0.1883,0.18255,0.1741,0.1714,0.1687,0.1606,,,,,,,
2025-07-29 15:01:01,GG-Shot Cornix (All Signals),,"KuCoin Futures, ByBit USDT, Bitget Futures, BingX Futures, Binance Futures",BAKE/USDT,All Targets Achieved,Cross (10.0X),Short,4,2 Days 22 Hours 53 Minutes,59.5238,0,0,0.0924,0,0.0924-0.1002,0.0963,0.0906,0.0887,0.0869,0.0814,,,,,,,
2025-07-29 15:00:50,GG-Shot Cornix (All Signals),,"Bitget Futures, BingX Futures, ByBit USDT, Binance Futures, OKX Futures, KuCoin Futures",RENDER/USDT,All Targets Achieved,Cross (10.0X),Short,4,3 Days 5 Hours 40 Minutes,57.0487,0,0,3.944,0,3.944-4.181,4.0625,3.869,3.794,3.719,3.494,,,,,,,
2025-07-29 15:00:18,GG-Shot Cornix (All Signals),,"Bitget Futures, KuCoin Futures, HyperLiquid Futures, ByBit USDT, OKX Futures, BingX Futures, Binance Futures",LDO/USDT,All Targets Achieved,Cross (10.0X),Short,4,2 Days 22 Hours 54 Minutes,67.5019,0,0,1.0496,0,1.0496-1.114,1.0818,1.0265,1.0034,0.9782,0.9069,,,,,,,
2025-07-29 14:56:14,GG-Shot Cornix (All Signals),,"Bitget Futures, OKX Futures, BingX Futures, KuCoin Futures, Binance Futures, ByBit USDT",STX/USDT,All Targets Achieved,Cross (10.0X),Short,4,3 Days 7 Hours 31 Minutes,60.8862,0,0,0.7707,0,0.7707-0.8195,0.7951,0.7551,0.7394,0.7238,0.6768,,,,,,,
2025-07-29 14:30:18,GG-Shot Cornix (All Signals),,"Bitget Futures, ByBit USDT, Binance Futures, OKX Futures, KuCoin Futures, BingX Futures",COMP/USDT,All Targets Achieved,Cross (10.0X),Short,4,2 Days 10 Hours 16 Minutes,39.0234,0,0,47.92,0,47.92-49.91,48.915,47.3,46.67,46.05,44.18,,,,,,,
2025-07-29 03:00:28,GG-Shot Cornix (All Signals),,"BingX Futures, Binance Futures, KuCoin Futures, ByBit USDT, OKX Futures, Bitget Futures",W/USDT,Stopped Out,Cross (10.0X),Short,0,6 Hours 56 Minutes,-46.6396,0,0,0.082655,0,0.08033-0.08498,0.082655,,,,,,,,,,,0.08651
2025-07-29 03:00:18,GG-Shot Cornix (All Signals),,"Bitget Futures, KuCoin Futures, ByBit USDT, BingX Futures, OKX Futures, Binance Futures",STORJ/USDT,All Targets Achieved,Cross (10.0X),Short,4,4 Days 15 Hours 28 Minutes,68.7611,0,0,0.2825,0,0.2773-0.2929,0.2851,0.2726,0.2678,0.2631,0.2488,,,,,,,
2025-07-29 02:30:23,GG-Shot Cornix (All Signals),,"KuCoin Futures, Bitget Futures, OKX Futures, ByBit USDT, BingX Futures, Binance Futures",SNX/USDT,All Targets Achieved,Cross (10.0X),Short,4,2 Days 22 Hours 16 Minutes,58.7539,0,0,0.634,0,0.622-0.658,0.64,0.614,0.605,0.597,0.571,,,,,,,
2025-07-29 02:30:14,GG-Shot Cornix (All Signals),,"KuCoin Futures, Bitget Futures, ByBit USDT, HyperLiquid Futures, BingX Futures, Binance Futures, OKX Futures",APT/USDT,All Targets Achieved,Cross (10.0X),Short,4,3 Days 19 Hours 58 Minutes,62.5402,0,0,4.666333333333333,0,4.61-4.779,4.6945,4.531,4.453,4.375,4.139,,,,,,,
2025-07-29 02:00:54,GG-Shot Cornix (All Signals),,"BingX Futures, Bitget Futures, ByBit USDT, Binance Futures, KuCoin Futures",ROSE/USDT,Partial Targets Achieved,Cross (10.0X),Short,3,11 Days 10 Hours 25 Minutes,36.4602,0,0,0.02729,0,0.02668-0.02851,0.027595,0.02598,0.02528,0.02457,,,,,,,,0.02935
2025-07-29 02:00:32,GG-Shot Cornix (All Signals),,"KuCoin Futures, ByBit USDT, BingX Futures, OKX Futures, Binance Futures",YFI/USDT,All Targets Achieved,Cross (10.0X),Short,4,3 Days 13 Hours 59 Minutes,27.012,0,0,5405.0,0,5405.0-5609.0,5507.0,5356.0,5308.0,5259.0,5113.0,,,,,,,
2025-07-29 01:00:24,GG-Shot Cornix (All Signals),,"KuCoin Futures, Bitget Futures, ByBit USDT, BingX Futures, Binance Futures",COTI/USDT,All Targets Achieved,Cross (10.0X),Short,4,2 Days 23 Hours 46 Minutes,48.4957,0,0,0.05717,0,0.05717-0.06044,0.058804999999999996,0.0562,0.05523,0.05425,0.05191,,,,,,,
2025-07-28 23:01:00,GG-Shot Cornix (All Signals),,"Bitget Futures, KuCoin Futures, ByBit USDT, BingX Futures, Binance Futures, OKX Futures",EGLD/USDT,All Targets Achieved,Cross (10.0X),Short,4,1 Days 12 Hours 43 Minutes,31.7283,0,0,15.68,0,15.68-16.43,16.055,15.51,15.35,15.18,14.69,,,,,,,
2025-07-28 23:00:47,GG-Shot Cornix (All Signals),,"KuCoin Futures, Binance Futures, BingX Futures, ByBit USDT, Bitget Futures",VANRY/USDT,All Targets Achieved,Cross (10.0X),Short,4,3 Days 0 Hours 31 Minutes,59.9855,0,0,0.03455,0,0.03455-0.03644,0.035495,0.03386,0.03317,0.03248,0.0304,,,,,,,
2025-07-28 21:00:19,GG-Shot Cornix (All Signals),,"KuCoin Futures, OKX Futures, ByBit USDT, Bitget Futures, BingX Futures, Binance Futures",ZIL/USDT,All Targets Achieved,Cross (10.0X),Short,4,3 Days 3 Hours 3 Minutes,37.8916,0,0,0.01181,0,0.01181-0.01214,0.011975,0.01166,0.01151,0.01136,0.01092,,,,,,,
2025-07-28 20:40:11,GG-Shot Cornix (All Signals),,"KuCoin Futures, Bitget Futures, ByBit USDT, BingX Futures, Binance Futures",RUNE/USDT,All Targets Achieved,Cross (10.0X),Short,4,4 Days 1 Hours 48 Minutes,69.7391,0,0,1.4375,0,1.412-1.463,1.4375,1.387,1.362,1.337,1.263,,,,,,,
2025-07-28 20:30:39,GG-Shot Cornix (All Signals),,"KuCoin Futures, Bitget Futures, BingX Futures, Binance Futures, ByBit USDT",SFP/USDT,All Targets Achieved,Cross (10.0X),Short,4,3 Days 1 Hours 34 Minutes,33.0141,0,0,0.4907,0,0.4907-0.5076,0.49915000000000004,0.4853,0.4799,0.4745,0.4583,,,,,,,
2025-07-28 20:30:30,GG-Shot Cornix (All Signals),,"KuCoin Futures, Bitget Futures, ByBit USDT, Binance Futures, BingX Futures",HOOK/USDT,All Targets Achieved,Cross (10.0X),Short,4,4 Days 1 Hours 58 Minutes,94.2815,0,0,0.11366666666666665,0,0.1113-0.1184,0.11485000000000001,0.1085,0.1057,0.103,0.0946,,,,,,,
2025-07-28 20:00:35,GG-Shot Cornix (All Signals),,"Bitget Futures, Binance Futures, OKX Futures, KuCoin Futures, ByBit USDT, BingX Futures",ZRO/USDT,All Targets Achieved,Cross (10.0X),Short,4,1 Days 23 Hours 5 Minutes,40.3653,0,0,1.889,0,1.889-1.968,1.9285,1.864,1.838,1.813,1.736,,,,,,,
2025-07-28 20:00:22,GG-Shot Cornix (All Signals),,"Bitget Futures, KuCoin Futures, ByBit USDT, OKX Futures, BingX Futures, Binance Futures",JTO/USDT,All Targets Achieved,Cross (10.0X),Short,4,4 Days 2 Hours 31 Minutes,81.1722,0,0,1.928,0,1.928-2.074,2.001,1.876,1.823,1.772,1.615,,,,,,,
2025-07-28 18:36:13,GG-Shot Cornix (All Signals),,"KuCoin Futures, BingX Futures, Bitget Futures, OKX Futures, ByBit USDT, Binance Futures",GMT/USDT,All Targets Achieved,Cross (10.0X),Short,4,3 Days 5 Hours 36 Minutes,48.0296,0,0,0.04872,0,0.04872-0.05028,0.0495,0.04794,0.04716,0.04638,0.04404,,,,,,,
2025-07-28 16:01:12,GG-Shot Cornix (All Signals),,"KuCoin Futures, BingX Futures, Binance Futures, Bitget Futures, ByBit USDT, OKX Futures",MAGIC/USDT,All Targets Achieved,Cross (10.0X),Short,4,3 Days 8 Hours 45 Minutes,44.8926,0,0,0.1537,0,0.1537-0.1592,0.15645,0.1514,0.1491,0.1468,0.1399,,,,,,,
2025-07-28 15:00:15,GG-Shot Cornix (All Signals),,"OKX Futures, Bitget Futures, KuCoin Futures, Binance Futures, BingX Futures",TURBO/USDT,All Targets Achieved,Cross (10.0X),Short,4,5 Days 2 Hours 53 Minutes,89.9421,0,0,0.005006,0,0.005006-0.005481,0.0052435,0.004856,0.004706,0.004556,0.004105,,,,,,,
2025-07-28 14:00:16,GG-Shot Cornix (All Signals),,"BingX Futures, Binance Futures, OKX Futures, KuCoin Futures, ByBit USDT, Bitget Futures",AUCTION/USDT,All Targets Achieved,Cross (10.0X),Long,4,10 Hours 0 Minutes,42.0157,0,0,11.341,0,10.662-11.341,11.0015,11.5,11.659,11.817,12.294,,,,,,,
2025-07-28 08:00:28,GG-Shot Cornix (All Signals),,"ByBit USDT, OKX Futures, BingX Futures, Bitget Futures, KuCoin Futures, Binance Futures",ATOM/USDT,Stopped Out,Cross (10.0X),Long,0,11 Hours 43 Minutes,-33.0836,0,0,4.806,0,4.718-4.894,4.806,,,,,,,,,,,4.647
2025-07-28 06:12:11,GG-Shot Cornix (All Signals),,"KuCoin Futures, OKX Futures, BingX Futures, Bitget Futures, ByBit USDT, Binance Futures",MAGIC/USDT,Stopped Out,Cross (10.0X),Long,0,8 Hours 5 Minutes,-31.25,0,0,0.16,0,0.157-0.163,0.16,,,,,,,,,,,0.155
2025-07-28 06:00:36,GG-Shot Cornix (All Signals),,"BingX Futures, KuCoin Futures, Binance Futures, Bitget Futures, ByBit USDT",COTI/USDT,Partial Targets Achieved,Cross (10.0X),Long,1,15 Hours 25 Minutes,-36.1393,0,0,0.062189999999999995,0,0.05969-0.06269,0.061189999999999994,0.06376,,,,,,,,,,0.05867
2025-07-28 06:00:21,GG-Shot Cornix (All Signals),,"ByBit USDT, BingX Futures, OKX Futures, Binance Futures, KuCoin Futures, Bitget Futures",STORJ/USDT,Stopped Out,Cross (10.0X),Long,0,11 Hours 15 Minutes,-38.8787,0,0,0.29965,0,0.293-0.3063,0.29964999999999997,,,,,,,,,,,0.288
2025-07-28 05:00:24,GG-Shot Cornix (All Signals),,"HyperLiquid Futures, Binance Futures, BingX Futures, ByBit USDT, KuCoin Futures, OKX Futures, Bitget Futures",OP/USDT,Partial Targets Achieved,Cross (10.0X),Long,3,1 Days 11 Hours 36 Minutes,1.2993,0,0,0.8081,0,0.7299-0.8081,0.769,0.8243,0.8404,0.8566,,,,,,,,0.7153
2025-07-28 05:00:14,GG-Shot Cornix (All Signals),,"Binance Futures, ByBit USDT, KuCoin Futures, BingX Futures, Bitget Futures",ROSE/USDT,Partial Targets Achieved,Cross (10.0X),Long,1,17 Hours 20 Minutes,-67.4484,0,0,0.03006,0,0.02781-0.03006,0.028935000000000002,0.03071,,,,,,,,,,0.02714
2025-07-28 03:00:26,GG-Shot Cornix (All Signals),,"Bitget Futures, KuCoin Futures, BingX Futures, OKX Futures, Binance Futures, ByBit USDT",AR/USDT,Partial Targets Achieved,Cross (10.0X),Long,1,17 Hours 26 Minutes,-49.306,0,0,7.925,0,7.478-7.925,7.701499999999999,8.045,,,,,,,,,,7.364
2025-07-28 03:00:15,GG-Shot Cornix (All Signals),,"HyperLiquid Futures, OKX Futures, ByBit USDT, KuCoin Futures, BingX Futures, Binance Futures, Bitget Futures",LDO/USDT,Partial Targets Achieved,Cross (10.0X),Long,1,17 Hours 28 Minutes,-46.7798,0,0,1.149,0,1.093-1.149,1.121,1.174,,,,,,,,,,1.069
